{
  "n_lags": 1,
  "input_dim": 9,
  "hidden1": 100,
  "hidden2": 40,
  "output_dim": 2,
  "lr": 0.00021488849591854808,
  "weight_decay": 1.0919235839151983e-06,
  "T_B_RANGE": 300.0,
  "X_DB_RANGE": 1.0,
  "horizon_steps": 30,
  "n_batches": 20,
  "batch_seed": 98
}