{
  "n_lags": 3,
  "input_dim": 13,
  "hidden1": 85,
  "hidden2": 30,
  "output_dim": 2,
  "lr": 0.00021619757530373814,
  "weight_decay": 3.7702059188218185e-06,
  "T_B_RANGE": 300.0,
  "X_DB_RANGE": 1.0,
  "horizon_steps": 30,
  "n_batches": 20,
  "batch_seed": 98
}