{
  "n_lags": 4,
  "input_dim": 15,
  "hidden1": 100,
  "hidden2": 40,
  "output_dim": 2,
  "lr": 0.0005021342798999926,
  "weight_decay": 1.2238102352764629e-06,
  "T_B_RANGE": 300.0,
  "X_DB_RANGE": 1.0,
  "horizon_steps": 30,
  "n_batches": 20,
  "batch_seed": 98
}